MY-BIG-WEB-CONTENT	5.2
MY-BIG-WEB-CONTENT	5.1
MY-BIG-WEB-CONTENT	5
MY-BIG-WEB-CONTENT	4.9
MY-BIG-WEB-CONTENT	4.8
MY-BIG-WEB-CONTENT	4.7
MY-BIG-WEB-CONTENT	4.6
MY-BIG-WEB-CONTENT	4.5
MY-BIG-WEB-CONTENT	4.4
MY-BIG-WEB-CONTENT	4.3
MY-BIG-WEB-CONTENT	4.2
MY-BIG-WEB-CONTENT	4.1
MY-BIG-WEB-CONTENT	4
MY-BIG-WEB-CONTENT	3.9
MY-BIG-WEB-CONTENT	3.8
MY-BIG-WEB-CONTENT	3.7
MY-BIG-WEB-CONTENT	3.6
MY-BIG-WEB-CONTENT	3.5
MY-BIG-WEB-CONTENT	3.4
MY-BIG-WEB-CONTENT	3.3
MY-BIG-WEB-CONTENT	3.2
MY-BIG-WEB-CONTENT	3.1
MY-BIG-WEB-CONTENT	3
MY-BIG-WEB-CONTENT	2.9
MY-BIG-WEB-CONTENT	2.8
MY-BIG-WEB-CONTENT	2.7
MY-BIG-WEB-CONTENT	2.6
MY-BIG-WEB-CONTENT	2.5
MY-BIG-WEB-CONTENT	2.4
MY-BIG-WEB-CONTENT	2.3
MY-BIG-WEB-CONTENT	2.2
MY-BIG-WEB-CONTENT	2.1
MY-BIG-WEB-CONTENT	2
MY-BIG-WEB-CONTENT	1.9
MY-BIG-WEB-CONTENT	1.8
MY-BIG-WEB-CONTENT	1.7
MY-BIG-WEB-CONTENT	1.6
MY-BIG-WEB-CONTENT	1.5
MY-BIG-WEB-CONTENT	1.4
MY-BIG-WEB-CONTENT	1.3
MY-BIG-WEB-CONTENT	1.2
MY-BIG-WEB-CONTENT	1.1
MY-BIG-WEB-CONTENT	1